job,company,ssn,residence,current_location,blood_group,website,username,name,sex,address,mail,birthdate
"Embryologist, clinical","Mills, Miller and Silva",576-13-8949,"2652 Hernandez Mission
Spencertown, AR 85169","(Decimal('34.5385695'), Decimal('-67.667651'))",AB+,['http://garcia.com/'],russelllisa,Richard Long,M,"Unit 4155 Box 6034
DPO AE 01702",reevesdon@gmail.com,1942-12-20
Financial trader,Long PLC,786-09-5435,"457 Tucker Trail
Reginachester, MH 11315","(Decimal('49.6748425'), Decimal('-163.534659'))",AB+,"['https://washington-johnson.com/', 'http://www.johnson.info/', 'http://www.wise.com/', 'http://www.johnson.com/']",seth90,Amber Lee,F,"570 Dave Plaza Suite 879
South Elizabeth, UT 66289",oanderson@yahoo.com,1944-01-23
"Designer, industrial/product",White PLC,254-48-1534,"9929 Erik Creek
Cynthiatown, MN 97075","(Decimal('86.818637'), Decimal('36.901240'))",AB-,['http://king-green.com/'],ashley41,Aaron Andrade,M,"9804 Delacruz Roads Suite 225
Cynthiafort, MT 40501",gonzalezvalerie@gmail.com,1907-11-10
Sports administrator,Owens and Sons,171-52-4570,"567 Davila Brook
Thomaschester, CO 62787","(Decimal('-13.304122'), Decimal('93.296341'))",A+,['https://smith.com/'],anthony52,Jill Matthews,F,"991 Jasmine Underpass
North Brandonmouth, MA 94047",xjohnson@hotmail.com,1980-03-19
Geographical information systems officer,Lucero-Russo,432-23-4286,"97306 Paula River Suite 230
Williamland, CO 57723","(Decimal('-64.3731055'), Decimal('2.429084'))",O+,"['http://www.ward-barnes.org/', 'https://cross.com/']",rodriguezsara,Christian Pierce,M,"01682 Jesse Ridges
Williamston, CA 67621",louis74@hotmail.com,1947-05-26
Health and safety adviser,"Weber, Bates and Thompson",219-32-5941,"54818 Andrew Spring Apt. 010
Alexismouth, NE 20484","(Decimal('-79.9767625'), Decimal('-129.286158'))",AB+,"['https://www.henderson-huynh.com/', 'https://www.lewis.com/']",sawyerjulie,Michael Mendoza,M,"268 Angela Mill Apt. 318
Williamstown, LA 83969",srodriguez@gmail.com,1908-02-26
Psychiatrist,"Santiago, Brown and Johnson",187-44-2514,"298 Richards Branch
West Marvinside, ME 79957","(Decimal('-77.078259'), Decimal('-36.383052'))",O-,['http://robinson.com/'],rollinsbrenda,Maria Wright,F,"006 Martinez Cape Apt. 815
Shepherdview, KS 43860",xmcdonald@hotmail.com,1966-10-29
Patent attorney,"Brown, Henry and Hughes",224-73-8078,"PSC 3846, Box 4451
APO AP 25908","(Decimal('-87.2498965'), Decimal('17.533716'))",AB+,['http://www.haynes.org/'],jonessara,Joshua Hull,M,"086 Emily Viaduct
Jonesport, NV 99234",donna21@hotmail.com,1959-04-25
"Pilot, airline",Solomon Group,793-25-4511,"46746 Gonzalez Trail Apt. 461
Port Tiffanyport, DE 38097","(Decimal('25.6720415'), Decimal('70.326741'))",AB+,"['http://nelson-jones.org/', 'http://sutton.org/', 'https://chavez.com/', 'http://wilson.com/']",tiffanyhancock,Michelle Vaughn,F,"18434 Hamilton Prairie
East Amandachester, MA 48162",marksmith@hotmail.com,2009-11-05
Economist,"Parsons, Salazar and Burke",093-38-9063,"3878 James Plains
Proctorburgh, NH 49483","(Decimal('0.253965'), Decimal('-133.295727'))",O+,"['https://www.burke.com/', 'https://bell.com/', 'https://www.sanchez.com/', 'http://boyd.com/']",lpope,Ronnie Scott,M,"PSC 7101, Box 3619
APO AE 42555",ian40@yahoo.com,1922-12-01
"Pharmacist, community","Whitaker, Sanchez and Knight",462-93-3917,"542 Bridges Valleys Apt. 189
Port Gilbertland, OH 27392","(Decimal('-31.046076'), Decimal('49.319485'))",O-,"['http://www.green.com/', 'https://www.boone.com/', 'http://williams.com/']",zacharyjohnson,Jeremy Ramos,M,"685 Paul Cove
Garcialand, FM 20725",charles70@yahoo.com,1924-10-15
Comptroller,Alvarez PLC,695-62-8547,"4550 Edwards Flats Suite 867
Weeksfort, KY 52699","(Decimal('18.597674'), Decimal('46.578382'))",AB+,"['https://miller-johnson.info/', 'https://mathews-riley.com/', 'https://love-bass.com/', 'http://www.farmer.net/']",carlthompson,Jacqueline Cohen,F,"2695 Jeffrey Isle Apt. 513
Jonathantown, MA 16018",jonathan07@hotmail.com,1912-02-12
Broadcast presenter,Dawson Group,233-06-6754,"57972 Thomas Motorway Apt. 703
Jensenside, IN 11950","(Decimal('-5.2859425'), Decimal('172.283820'))",A-,['http://fernandez-schmitt.info/'],lorihicks,Diane Henderson,F,"691 Jimenez Square
Dayhaven, MT 84830",erik42@hotmail.com,1918-05-31
Dealer,"James, Rodriguez and Foster",647-09-8993,"719 Vincent Ford Suite 149
New Greg, UT 38196","(Decimal('77.333322'), Decimal('-157.823176'))",B-,"['https://www.hammond.com/', 'http://long.net/', 'https://www.lane.net/']",rodneysmith,Jaclyn Wyatt,F,"PSC 3262, Box 3121
APO AA 29452",uford@gmail.com,1980-08-18
"Embryologist, clinical","Rowland, Miller and Barrera",325-77-9136,"USCGC Blackwell
FPO AA 70607","(Decimal('-39.1839455'), Decimal('-99.698445'))",B-,"['https://barnes.net/', 'https://www.savage.com/', 'https://griffith-jimenez.biz/', 'http://porter.org/']",smoran,Brett Cooper,M,"88950 Andrea Spring Apt. 822
Matthewtown, VT 10934",lewiskyle@hotmail.com,1934-01-08
Fisheries officer,Brooks-Bauer,324-99-6646,"681 Brittany Cliffs
Traceymouth, MT 13912","(Decimal('-60.4292755'), Decimal('-146.466690'))",O-,['http://www.hoffman.com/'],jpineda,Michael Simmons,M,"845 Johnson Station Apt. 535
Audreyberg, GA 35024",fsmith@gmail.com,1955-10-16
Chief Strategy Officer,"Choi, Hudson and Howell",290-84-1127,"850 Cherry Mountain Apt. 073
New Debra, OR 58024","(Decimal('-42.099282'), Decimal('-6.055313'))",AB+,"['http://www.mitchell.com/', 'https://harris.biz/']",cody27,Brandy Smith,F,"28731 White Hollow
West Anthonystad, WI 96672",larnold@gmail.com,2002-10-20
"Psychologist, prison and probation services",Peterson-Hess,812-34-3125,"405 Reynolds Points
Floydbury, VT 26862","(Decimal('-32.706018'), Decimal('-3.156404'))",AB-,"['http://www.nash.info/', 'https://richmond-castro.org/']",graceward,Donald Mendoza,M,"5595 Lauren Valleys Apt. 777
Perkinsville, WY 69408",gallegosallen@hotmail.com,2021-08-06
"Engineer, energy","Ware, Gardner and Anderson",874-52-9175,"389 Christensen Canyon Apt. 031
New Amy, IL 13459","(Decimal('25.858089'), Decimal('-125.835323'))",B-,"['https://figueroa.com/', 'http://miller.net/', 'http://www.brady.net/']",pearsoncindy,Karen Sanders,F,"3193 Gray Ports Suite 451
Lake Jessicashire, FL 71093",oellison@yahoo.com,1984-12-12
Outdoor activities/education manager,Blevins Ltd,389-89-2173,"6562 Hill Mountain Suite 894
Alexanderstad, NH 85874","(Decimal('67.8750385'), Decimal('-68.960887'))",O+,['http://carr.com/'],powellfernando,Anthony Mcdonald,M,"50577 Lauren Shores
Wilsonmouth, PR 86851",donnabell@yahoo.com,1911-04-25
Health visitor,Reed-Hernandez,771-61-9918,"3622 Daniels Islands Apt. 413
Howardstad, ND 46016","(Decimal('-15.330909'), Decimal('119.162713'))",O-,"['http://www.thompson-chapman.net/', 'https://freeman.net/', 'https://bartlett.info/']",fergusonjoseph,Angelica Miller,F,"15267 Moore Grove Apt. 072
Lake Jacquelineland, TX 95517",katrinahamilton@yahoo.com,1983-08-13
"Therapist, drama","Hernandez, Turner and Collins",127-59-4956,"681 Cole Cliff
Port Danielfurt, ND 64458","(Decimal('-24.7759685'), Decimal('-66.463643'))",A-,['https://www.gomez.com/'],nortonzachary,Aaron Jones,M,"54931 Warren Island
Christineview, ND 21245",gabriel62@gmail.com,1909-12-06
Cytogeneticist,Harrison-King,371-99-4813,"USNS Reed
FPO AP 91642","(Decimal('51.708164'), Decimal('-94.510117'))",B-,['https://cox-adams.info/'],brittany07,Michael Simpson,M,"05590 Christian Union Suite 589
South Heidiville, ME 11649",mmartinez@hotmail.com,1922-01-31
Medical secretary,Colon-Allen,396-25-8219,"527 Michael Cove Suite 180
Mooneyhaven, WA 22576","(Decimal('69.0667715'), Decimal('19.716119'))",AB+,"['http://www.reynolds-mcdonald.info/', 'https://www.watson.com/']",ashley03,Douglas Smith,M,"980 Robert Underpass Suite 026
North Diane, NM 68878",starknathaniel@yahoo.com,1985-09-16
Social worker,"Johnson, Reid and Hernandez",013-97-2301,"9029 Angel Wall Apt. 580
Patelburgh, SC 77639","(Decimal('72.8002945'), Decimal('123.367996'))",O+,"['https://www.mathis-baker.com/', 'http://cook-dougherty.biz/', 'http://www.lopez-morton.info/', 'http://day.com/']",garrettmark,Brent Brown,M,"494 Megan Avenue
Lesterbury, IA 21684",jacob04@yahoo.com,1938-05-22
Commercial horticulturist,Johnson Ltd,762-91-5880,"9955 Barton Lights Apt. 523
Fritzmouth, SD 40487","(Decimal('-3.417821'), Decimal('-13.385064'))",O+,"['http://brown.com/', 'http://www.clark.org/', 'https://www.ortiz-chaney.org/', 'http://williams.com/']",samuelcook,Sonya Contreras,F,"73246 Barnes Hollow Apt. 226
West Amber, LA 91713",gvega@gmail.com,1985-08-28
"Teacher, secondary school",Klein Inc,543-75-4731,"93467 Tara Extension
Port Amandamouth, IA 29347","(Decimal('6.6459055'), Decimal('71.145018'))",B+,"['https://www.blackburn.com/', 'http://www.mason.com/']",davidrobin,Zachary Barnes,M,"Unit 8669 Box 4119
DPO AE 97274",awallace@gmail.com,1972-08-13
Audiological scientist,Johnson-Mora,153-79-3060,"748 Thomas Trail
Port Marcmouth, MT 61422","(Decimal('-14.699029'), Decimal('-31.359081'))",B+,"['https://www.lopez-fisher.info/', 'https://nunez-flores.info/']",lesliegrant,Stephanie Clark,F,"4195 Steven Station
Lake Kelseychester, WI 59237",qwhite@hotmail.com,1955-05-23
Cabin crew,"Jones, Lopez and Patel",864-16-7901,"7715 Ford Station Suite 832
Port Phillipton, WI 95823","(Decimal('-18.928938'), Decimal('35.122731'))",B+,"['https://torres.org/', 'http://www.peterson.com/', 'http://www.henry.org/']",lambertjeremy,Susan Schmidt,F,"98619 Dickerson Turnpike Suite 712
Lake Jerry, NY 96823",jessica84@yahoo.com,1988-11-02
Occupational psychologist,"Turner, Mccormick and Cole",880-03-9357,"63822 Jennifer Estates Apt. 001
New Natashaton, PR 01608","(Decimal('30.701679'), Decimal('22.719445'))",AB+,"['http://carter.com/', 'https://rodriguez.com/', 'http://velasquez.org/', 'http://www.smith.info/']",jenkinsrodney,Megan Evans,F,"935 Abigail Wall
South Victoria, AR 97558",anna76@gmail.com,1932-07-06
Sports therapist,Shepherd-Hampton,786-04-2553,"8839 Victor Burg
Danielmouth, MS 43849","(Decimal('-28.1652625'), Decimal('56.027810'))",B-,['http://www.patel.biz/'],thomas47,Rhonda Thomas,F,"29153 Wendy Causeway Suite 120
South Paulshire, MH 70319",gina32@hotmail.com,2017-03-17
Race relations officer,Hudson and Sons,393-47-4325,"798 Humphrey Run
Lake Morganhaven, MP 07038","(Decimal('39.064146'), Decimal('128.362865'))",AB-,['http://www.davidson.com/'],nirwin,Eduardo Gonzalez,M,"09380 Dougherty Pine Suite 802
Port Ashley, OK 18700",susan56@yahoo.com,2012-03-10
Licensed conveyancer,Parker-Sims,455-94-6859,"PSC 1977, Box 2769
APO AP 84070","(Decimal('-11.295904'), Decimal('-110.502789'))",B-,"['https://www.ball-vasquez.info/', 'http://newman.com/', 'http://www.steele-wilson.biz/', 'https://www.black-wilson.com/']",veronicawatts,Ashley Smith,F,"13394 Walter Shores Apt. 878
Taylorstad, TN 26214",erin13@hotmail.com,1971-08-14
Medical physicist,"Garner, Arnold and Garcia",086-99-6806,"812 Lam Center Apt. 721
Christopherport, AK 47093","(Decimal('-65.047887'), Decimal('-3.271531'))",AB-,"['https://www.bell-chan.com/', 'http://sandoval.com/', 'http://www.cooper-nelson.com/']",cpage,Michael Thompson,M,"7207 Hayes Springs Suite 889
New Arthur, MS 04606",williamherrera@yahoo.com,2007-10-15
Equality and diversity officer,Watts-Munoz,072-26-2465,"0169 Bell Springs
Pruittland, MP 42714","(Decimal('-9.907511'), Decimal('72.310078'))",O-,"['https://www.farmer-palmer.com/', 'https://ferguson.com/']",bryan83,Anthony Dawson,M,"07529 Danielle Pass
South Danielfurt, CA 28397",crobinson@gmail.com,1941-07-15
Television floor manager,Martin PLC,437-11-3148,"2642 Chase Spurs
West Amandaville, WI 57173","(Decimal('6.9712225'), Decimal('-15.138256'))",A-,['http://www.york.org/'],antoniograves,Dalton Griffith,M,"22420 Gail Ridge Suite 237
Lake Connie, SC 34403",cturner@yahoo.com,1964-07-30
Recruitment consultant,"Walters, Davis and Fernandez",068-62-5067,"436 Kyle Turnpike Apt. 114
South Donna, MD 16536","(Decimal('79.660072'), Decimal('-89.605189'))",O-,"['https://vaughn.com/', 'https://lee.com/', 'http://www.dorsey.com/']",stacy37,James Graham,M,"3141 Anita Pass
East Jason, WV 97024",fcompton@hotmail.com,2008-07-11
"Production assistant, radio","Richardson, Hays and Pearson",037-07-0262,"491 Lam Brook Apt. 131
Mayberg, MS 69091","(Decimal('-56.8715905'), Decimal('140.740707'))",B-,"['https://mitchell-fisher.com/', 'https://www.montgomery-carr.com/', 'http://www.wilson.com/']",stantonkaren,Nancy Brown,F,"PSC 7340, Box 9670
APO AE 49681",amy36@hotmail.com,2018-03-20
"Scientist, forensic",Robinson-Delacruz,232-89-2270,"1987 Stephanie Villages Apt. 031
Loganhaven, GA 79431","(Decimal('57.331813'), Decimal('54.112643'))",A-,"['https://www.smith-webb.com/', 'http://www.andrews-brown.com/', 'http://dalton.com/']",mikayla08,Katherine Gentry,F,"2699 Garcia Stream
Wayneshire, OR 66697",mrodriguez@gmail.com,2003-11-20
"Designer, furniture",Guerra-West,601-12-3359,"24696 Michael Gateway Apt. 752
Port Michael, NH 26358","(Decimal('-7.4949055'), Decimal('94.473836'))",A+,['http://www.hernandez.com/'],gwilliams,Thomas Shepard,M,"43477 Glenn Point
New Kathy, NY 42934",longryan@yahoo.com,1982-05-23
Psychiatrist,Houston Inc,705-73-8978,"5000 Edwards Cape Apt. 079
East Robertport, WY 83204","(Decimal('17.688517'), Decimal('-28.662784'))",O-,"['https://gomez-christensen.com/', 'https://www.howell-ramos.com/', 'https://bass.com/', 'https://www.robinson-rogers.com/']",smithchristopher,Jennifer Carey,F,"4630 William Skyway Apt. 885
Julieport, WV 17190",jessicamorris@hotmail.com,2001-03-31
Radiation protection practitioner,"Nelson, Hill and Singh",032-34-1848,"719 Elizabeth Brook Suite 087
Kanetown, WV 38521","(Decimal('-70.6284185'), Decimal('-145.499817'))",B-,"['https://davis-brooks.com/', 'https://foster.com/']",ubrooks,Alejandra Roberts,F,"9779 Gross Orchard Suite 089
Nicoleville, DC 75862",williamsangela@gmail.com,1917-02-15
Child psychotherapist,Davis and Sons,623-23-3767,"3364 Nicole Manor
West Codymouth, UT 60636","(Decimal('-8.627824'), Decimal('-163.873831'))",AB-,['https://www.smith-ross.com/'],ijohnson,Pamela Cruz,F,"28393 Morales Stream
Lake Amandaton, RI 13923",plynch@hotmail.com,1912-06-27
Astronomer,"Jackson, Hoffman and Reynolds",457-16-2784,"PSC 8645, Box 9475
APO AE 61566","(Decimal('5.781148'), Decimal('-146.465746'))",A-,['http://stokes.com/'],zsalazar,Andrew Mcdonald,M,"932 Eric Square
Port Jared, OH 35031",jill22@gmail.com,2000-01-27
Science writer,"King, Matthews and Jones",485-09-3347,"Unit 8715 Box 4730
DPO AP 64145","(Decimal('-88.1415915'), Decimal('-163.122678'))",AB-,"['https://www.carr-gray.com/', 'http://rodriguez.com/', 'https://www.mitchell-james.com/', 'http://www.orr-kim.info/']",jenniferlittle,Deborah Acosta,F,"5859 Pace Shore Apt. 343
West Debra, AS 71549",seanthomas@yahoo.com,2022-05-07
Illustrator,Harrington and Sons,176-57-7806,"338 Wilson Freeway Suite 240
Brownshire, PR 37194","(Decimal('-26.475820'), Decimal('-48.911750'))",B-,"['https://wagner.com/', 'http://dixon-price.com/']",cantumaria,Trevor Bell,M,"852 Moore Passage
East Jamesfurt, SD 66561",stephanie51@hotmail.com,2005-01-20
Bookseller,"Williams, Moore and Miller",583-66-1244,"1865 Jason Common Suite 122
Port Jasonmouth, HI 67166","(Decimal('19.463722'), Decimal('134.096526'))",B+,"['http://sanders.com/', 'https://nguyen-hunt.biz/']",kimberlyreyes,Harold Carson,M,"103 Tina Land Suite 992
Gordonview, LA 20748",larry81@gmail.com,2014-08-14
Garment/textile technologist,Smith LLC,013-10-3071,"9964 Andrew Plaza
Jonesmouth, WA 30684","(Decimal('-70.911566'), Decimal('-143.275484'))",AB-,"['https://boyd.com/', 'http://hall-caldwell.com/']",parkerdana,Chelsea Hubbard,F,"495 Lisa Tunnel
Johnsonhaven, MS 93737",madams@hotmail.com,2019-06-27
Health service manager,"Butler, Morrison and Allen",890-20-2503,"41532 John Underpass Suite 957
Mitchellstad, WA 22121","(Decimal('28.7169305'), Decimal('-23.722834'))",O-,"['https://www.crosby.com/', 'https://www.sawyer.biz/', 'http://newman-palmer.net/', 'https://www.ray.biz/']",christopherharris,John Gaines,M,"USS Harrington
FPO AP 73415",danaromero@gmail.com,1951-04-12
Wellsite geologist,Cole-Lee,046-33-1633,"713 Pitts Coves Apt. 966
Anthonyview, MA 75841","(Decimal('11.6554855'), Decimal('-177.790270'))",O+,"['http://hobbs.com/', 'http://jackson.com/']",ystevens,Michael Beard,M,"827 Amy Well
West Chelseymouth, WV 23013",martinezrose@gmail.com,2015-03-12
